{"_runtime":1871.2529776,"train_loss":0.25318356959564203,"_wandb":{"runtime":1874},"lr":0.001,"_step":21,"sample_predictions":{"size":375925,"path":"media/images/sample_predictions_21_7270e406d6904a0acf93.png","format":"png","width":1500,"height":500,"_type":"image-file","sha256":"7270e406d6904a0acf93e64edd1cfd1405615bf88f70f889e909edaab34b11ba"},"val_loss":0.21862211265016837,"_timestamp":1.7450711858335884e+09,"epoch":20,"val_acc":0.9406666666666667,"train_acc":0.9149078726968174,"confusion_matrix":{"height":1000,"_type":"image-file","sha256":"30a60fbb4f3af0d0325c92cae5c2df4ad7a654675b8a35a4e0837e095e81ea88","size":93536,"path":"media/images/confusion_matrix_20_30a60fbb4f3af0d0325c.png","format":"png","width":1200}}