{"sample_predictions":{"sha256":"00c145480b8023db97a3c36b09db9420c2acbb7131d202c03d0759c38fa8a519","size":307846,"path":"media/images/sample_predictions_17_00c145480b8023db97a3.png","format":"png","width":1500,"height":500,"_type":"image-file"},"lr":0.005,"train_acc":0.7621440536013401,"epoch":16,"val_acc":0.8766666666666667,"_timestamp":1.7450654566535747e+09,"val_loss":0.37623745097157857,"train_loss":0.7178791841669897,"_step":17,"_wandb":{"runtime":901},"confusion_matrix":{"size":99366,"path":"media/images/confusion_matrix_16_d4b4204d40f4bc4a606b.png","format":"png","width":1200,"height":1000,"_type":"image-file","sha256":"d4b4204d40f4bc4a606b1df574a7f279c4d982181f8dd946c222f84930fd903d"},"_runtime":899.1009749}