{"val_acc":0.9293333333333333,"val_loss":0.23518277937763682,"train_acc":0.9011725293132329,"_runtime":1312.9258193,"sample_predictions":{"size":369668,"path":"media/images/sample_predictions_15_9785a2fc9674cc5de457.png","format":"png","width":1500,"height":500,"_type":"image-file","sha256":"9785a2fc9674cc5de45715e495d0d694b71ee1306d9c00b3c085cbe38a0217cf"},"_wandb":{"runtime":1315},"epoch":14,"lr":0.001,"_timestamp":1.7450725141090064e+09,"_step":15,"confusion_matrix":{"format":"png","width":1200,"height":1000,"_type":"image-file","sha256":"c13b72cebdcbff4909b97ed704284450c0f7bb2f44cb634eee3b021470373cc3","size":95729,"path":"media/images/confusion_matrix_14_c13b72cebdcbff4909b9.png"},"train_loss":0.2956515330565435}