{"_timestamp":1.7450689233773494e+09,"epoch":20,"_step":21,"val_acc":0.8346666666666667,"_wandb":{"runtime":585},"train_acc":0.7614740368509213,"confusion_matrix":{"size":100659,"path":"media/images/confusion_matrix_20_a4d25646ffc96dc60301.png","format":"png","width":1200,"height":1000,"_type":"image-file","sha256":"a4d25646ffc96dc60301e8f4e2daa13a0403e8e8956f01b75a239ace74d975b3"},"val_loss":0.46332470842202506,"sample_predictions":{"sha256":"469020aaf20dfe9fb14ce4b3e28c878b6063497621c757cdd21fcfcf142fd853","size":312570,"path":"media/images/sample_predictions_21_469020aaf20dfe9fb14c.png","format":"png","width":1500,"height":500,"_type":"image-file"},"_runtime":584.5536842,"train_loss":0.7025717669795306,"lr":0.0005}