{"_wandb":{"runtime":372},"train_loss":0.6730370137759389,"val_loss":0.49290214707454044,"lr":0.001,"_timestamp":1.7450693050471652e+09,"epoch":10,"confusion_matrix":{"width":1200,"height":1000,"_type":"image-file","sha256":"fef0c8016b2eb5cd5033f00151d105717f1bf88916d7d4afd65c223e5111fa84","size":103184,"path":"media/images/confusion_matrix_10_fef0c8016b2eb5cd5033.png","format":"png"},"_runtime":371.4763612,"sample_predictions":{"format":"png","width":1500,"height":500,"_type":"image-file","sha256":"25d76d0d13deca65e36a9126dfad65ff1d03a99f46317f2a265625a7b7a0f4c9","size":392714,"path":"media/images/sample_predictions_11_25d76d0d13deca65e36a.png"},"_step":11,"train_acc":0.7698492462311558,"val_acc":0.83}