{"val_loss":0.38485307565207283,"epoch":20,"_timestamp":1.7450683258452811e+09,"val_acc":0.8906666666666667,"_step":21,"confusion_matrix":{"_type":"image-file","sha256":"0eef6a8adbecc78423ea137cffdef2a7579e4730580f3e2d9f52d85ffb439485","size":99417,"path":"media/images/confusion_matrix_20_0eef6a8adbecc78423ea.png","format":"png","width":1200,"height":1000},"_runtime":1716.3941679,"sample_predictions":{"format":"png","width":1500,"height":500,"_type":"image-file","sha256":"c727b38f73a69bee97f40463620bf36d19b73bdf5176a90754ba4087f676cb93","size":344111,"path":"media/images/sample_predictions_21_c727b38f73a69bee97f4.png"},"_wandb":{"runtime":1718},"train_loss":0.357831984728425,"lr":0.001,"train_acc":0.8706867671691793}