{"val_loss":0.3239336217244466,"train_loss":0.5984176240374695,"confusion_matrix":{"path":"media/images/confusion_matrix_20_d3fb7367b068078a576f.png","format":"png","width":1200,"height":1000,"_type":"image-file","sha256":"d3fb7367b068078a576f4e190f23373da400cb353cdc7644f61b1182ee8d75fb","size":98333},"lr":0.0001,"_step":21,"_runtime":1128.472334,"epoch":20,"sample_predictions":{"size":433107,"path":"media/images/sample_predictions_21_a60ff5e1bec9d7935d70.png","format":"png","width":1500,"height":500,"_type":"image-file","sha256":"a60ff5e1bec9d7935d7039c3886d5d477e81b3ca5fc1fa6027fcbfb5e121a346"},"_wandb":{"runtime":1130},"_timestamp":1.7450665974872246e+09,"val_acc":0.89,"train_acc":0.8036850921273032}