{"_wandb":{"runtime":1166},"sample_predictions":{"width":1500,"height":500,"_type":"image-file","sha256":"21491689082d0f1fadf9a97740d87ce8712f6c7ac23cb17f26310f0decb46a88","size":386552,"path":"media/images/sample_predictions_21_21491689082d0f1fadf9.png","format":"png"},"_step":21,"train_acc":0.8117252931323283,"train_loss":0.5320568639030009,"_runtime":1164.1489037,"val_acc":0.8866666666666667,"_timestamp":1.7450645441118877e+09,"epoch":20,"val_loss":0.3168633754371355,"lr":0.001,"confusion_matrix":{"sha256":"c2f73eeb56551f1f7826a12a1dd9473c68e3e635f7f8c86edbee0c77d72cb0a8","size":99695,"path":"media/images/confusion_matrix_20_c2f73eeb56551f1f7826.png","format":"png","width":1200,"height":1000,"_type":"image-file"}}